Name,Email,Message
French Turner,ft.nagga@gmail.com,yet another test
Name,Email,Message
Mikhail Magic,baklavam@ymail.com,Super Test
Name,Email,Message
John Johns,jjmartian@justiceleague.com,"The moon is cool, but Mars is better!"
Name,Email,Message
Chester P. Runk,CP3dyo@thecw.com,What's up party people!!!!
Name,Email,Message
Barry Allen,fastestmanalive@ccpd.com,The CW succeeded where wanner bros. failed.
Name,Email,Message
Hank McCoy,beast@xavierinstitute.com,Parting is always sweet sorrow!
Name,Email,Message
Mackle Roy,mr.Royal@ymail.com,Who made the song on the home page?
